序号,链接,节点数
0,https://clashgithub.com/wp-content/uploads/rss/20240204.txt,31
1,https://freeclash.org/wp-content/uploads/2024/02/0203.txt,8
2,https://freenode.me/wp-content/uploads/2024/02/0203.txt,44
3,https://freenode.openrunner.net/uploads/20240202.txt,0
4,https://nodefree.org/dy/2024/02/20240203.yaml,37
5,https://oneclash.cc/wp-content/uploads/2024/02/20240202.txt,0
6,https://v2rayshare.com/wp-content/uploads/2024/02/20240203.txt,37
7,https://wefound.cc/freenode/2024/02/20240203.txt,44
8,https://www.freeclashnode.com/uploads/2024/02/0-20240203.txt,37
9,https://www.freeclashnode.com/uploads/2024/02/1-20240203.txt,44
10,https://www.freeclashnode.com/uploads/2024/02/2-20240203.txt,44
11,https://www.freeclashnode.com/uploads/2024/02/3-20240203.txt,37
12,https://www.freeclashnode.com/uploads/2024/02/4-20240204.txt,31
13,http://104.168.244.47:12580/clash/proxies,1536
14,http://123.57.192.169:7777/clash/proxies,288
15,http://141.147.161.50:12580/clash/proxies,838
16,http://146.56.97.77:12580/clash/proxies,296
17,http://150.230.195.209:12580/clash/proxies,738
18,http://150.230.251.224:12580/clash/proxies,478
19,http://174.137.58.32:12580/clash/proxies,29
20,http://175.178.182.178:12580/clash/proxies,283
21,http://23.94.59.182:12580/clash/proxies,911
22,http://66.42.50.118:12580/clash/proxies,103
23,http://beetle.lander.work/clash/proxies,217
24,http://rot.9o9.top:880/clash/proxies,65
25,https://clashe.eu.org/clash/proxies,24
26,https://clashnode.com/wp-content/uploads/2024/02/20240203.txt,37
27,https://fastestcloud.xyz/api/v1/client/subscribe?token=c2f992c6b9a11ef2df87d101cdf0fdbe,63
28,https://fetchjiedian.feisu360.xyz/clash/proxies,0
29,https://free.dsdog.tk/clash/proxies,1
30,https://free.iam7.tk/clash/proxies,447
31,https://free.jingfu.cf/clash/proxies,221
32,https://kxswa.tk/v2ray,0
33,https://laxcity.pages.dev/clash/proxies,0
34,https://nodefree.org/dy/2024/02/20240203.txt,44
35,https://oss.v2rayse.com/proxies/data/2024-02-03/oo6zExT.txt,38
36,https://prop.cf/?name=paimon&client=base64,2
37,https://proxy.crazygeeky.com/clash/proxies,970
38,https://proxy.fldhhhhhh.top/clash/proxies,82
39,https://proxypool.link/clash/proxies,978
40,https://proxypool1999.banyunxiaoxi.icu/clash/proxies,69
41,https://raw.fastgit.org/freefq/free/master/v2,0
42,https://raw.githubusercontent.com/Flik6/getNode/main/clash.yaml,1135
43,https://raw.githubusercontent.com/Jsnzkpg/Jsnzkpg/Jsnzkpg/Jsnzkpg,6
44,https://raw.githubusercontent.com/LalatinaHub/Mineral/master/result/nodes,1286
45,https://raw.githubusercontent.com/Leon406/SubCrawler/main/sub/share/v2,339
46,https://raw.githubusercontent.com/Mr8AHAL/v2ray/main/SERVER.txt,26
47,https://raw.githubusercontent.com/NiceVPN123/NiceVPN/main/Clash.yaml,4162
48,https://raw.githubusercontent.com/Pawdroid/Free-servers/main/sub,37
49,https://raw.githubusercontent.com/Rokate/Proxy-Sub/main/clash/clash_trojan.yml,47
50,https://raw.githubusercontent.com/Rokate/Proxy-Sub/main/clash/clash_v2ray.yml,29
51,https://raw.githubusercontent.com/Vauth/node/main/Main,2697
52,https://raw.githubusercontent.com/Vauth/node/main/Pro,788
53,https://raw.githubusercontent.com/WilliamStar007/ClashX-V2Ray-TopFreeProxy/main/combine/clash.config.yaml,1172
54,https://raw.githubusercontent.com/ZywChannel/free/main/sub,232
55,https://raw.githubusercontent.com/a2470982985/getNode/main/v2ray.txt,307
56,https://raw.githubusercontent.com/aiboboxx/clashfree/main/clash.yml,56
57,https://raw.githubusercontent.com/aiboboxx/v2rayfree/main/v2,56
58,https://raw.githubusercontent.com/anaer/Sub/main/clash.yaml,993
59,https://raw.githubusercontent.com/bingoYB/node_processing/main/dist/all.yaml,69
60,https://raw.githubusercontent.com/ermaozi/get_subscribe/main/subscribe/clash.yml,34
61,https://raw.githubusercontent.com/ermaozi/get_subscribe/main/subscribe/v2ray.txt,38
62,https://raw.githubusercontent.com/ermaozi01/free_clash_vpn/main/subscribe/clash.yml,18
63,https://raw.githubusercontent.com/freefq/free/master/v2,23
64,https://raw.githubusercontent.com/freenodes/freenodes/main/clash.yaml,52
65,https://raw.githubusercontent.com/hsb4657/v2ray/main/lastest.txt,37
66,https://raw.githubusercontent.com/imohammadkhalili/V2RAY/main/Mkhalili,50
67,https://raw.githubusercontent.com/itxve/fetch-clash-node/main/node/ClashNode.yaml,37
68,https://raw.githubusercontent.com/learnhard-cn/free_proxy_ss/main/free,8
69,https://raw.githubusercontent.com/mahdibland/V2RayAggregator/master/sub/sub_merge_yaml.yml,5854
70,https://raw.githubusercontent.com/mfuu/v2ray/master/v2ray,246
71,https://raw.githubusercontent.com/mheidari98/.proxy/main/all,0
72,https://raw.githubusercontent.com/mlabalabala/v2ray-node/main/nodefree4clash.txt,10
73,https://raw.githubusercontent.com/peasoft/NoMoreWalls/master/list.yml,299
74,https://raw.githubusercontent.com/pojiezhiyuanjun/freev2/master/1225.txt,149
75,https://raw.githubusercontent.com/resasanian/Mirza/main/sub,240
76,https://raw.githubusercontent.com/ripaojiedian/freenode/main/clash,24
77,https://raw.githubusercontent.com/ronghuaxueleng/get_v2/main/pub/changfengoss.yaml,155
78,https://raw.githubusercontent.com/ronghuaxueleng/get_v2/main/pub/combine.yaml,51
79,https://raw.githubusercontent.com/rxsweet/proxies/main/sub/sources/dynamicAll.yaml,388
80,https://raw.githubusercontent.com/rxsweet/proxies/main/sub/sources/miningAll.yaml,164
81,https://raw.githubusercontent.com/rxsweet/proxies/main/sub/sources/staticAll.yaml,0
82,https://raw.githubusercontent.com/sh3d0ww02f/sh3d0ww02f.github.io/main/ssr.config,13
83,https://raw.githubusercontent.com/shbioc/clash/main/aaa01.yaml,10
84,https://raw.githubusercontent.com/soroushmirzaei/telegram-configs-collector/main/protocols/reality,81
85,https://raw.githubusercontent.com/soroushmirzaei/telegram-configs-collector/main/protocols/shadowsocks,259
86,https://raw.githubusercontent.com/soroushmirzaei/telegram-configs-collector/main/protocols/trojan,192
87,https://raw.githubusercontent.com/soroushmirzaei/telegram-configs-collector/main/protocols/vmess,112
88,https://raw.githubusercontent.com/ts-sf/fly/main/clash,35
89,https://raw.githubusercontent.com/txmiaomiaowu/openitr/main/long,212
90,https://raw.githubusercontent.com/vpei/free-node-1/main/o/proxies.txt,256
91,https://raw.githubusercontent.com/vveg26/chromego_merge/main/sub/merged_proxies_new.yaml,20
92,https://raw.githubusercontent.com/vveg26/get_proxy/main/dist/v2ray.config.txt,0
93,https://raw.githubusercontent.com/vxiaov/free_proxy_ss/main/clash/clash.provider.yaml,20
94,https://raw.githubusercontent.com/w1770946466/Auto_proxy/main/Long_term_subscription_num,1107
95,https://raw.githubusercontent.com/wrfree/free/main/v2,52
96,https://raw.githubusercontent.com/yaney01/Yaney01/main/temporary,579
97,https://raw.githubusercontent.com/yaney01/Yaney01/main/yaney_01,120
98,https://raw.githubusercontent.com/yebekhe/TelegramV2rayCollector/main/sub/base64/mix,407
99,https://raw.githubusercontent.com/zhangkaiitugithub/passcro/main/speednodes.yaml,47
100,https://rvorch.treze.cc/clash/proxies,109
101,https://sub.pmsub.me/clash.yaml,2
102,https://sub.sharecentre.online/sub&flag=clash,11
103,https://timell.pages.dev/clash/proxies,993
104,https://tt.vg/freev2,83
105,https://v2rayshare.com/wp-content/uploads/2024/02/20240203.txt,37
106,https://www.ckcloud.xyz/api/v1/client/subscribe?token=bf4d17d87a6374b6113fe8bb7608b7f2,58
107,https://xn--30rs3bu7r87f.com/api/v1/client/subscribe?token=63880591f7971594312fc743f771ea51,0
108,dynamic://kkzui,0
109,dynamic://sharkdoor,6

总计,,9979
